Original Filename,Status,Category,New Path
audiopapkin-forest-ambience-morningspring-localization-poland-1-296912.mp3,IMPORTED,forest,iwag-production/Content/nature/forest/forest-birds-01.mp3
eryliaa-gentle-rain-for-relaxation-and-sleep-337279.mp3,IMPORTED,rain,iwag-production/Content/nature/rain/gentle-rain-01.mp3
freesound_community-004984_wind-in-trees-w-little-birds-ambience-1-51429.mp3,IMPORTED,wind,iwag-production/Content/nature/wind/wind-through-trees-01.mp3
freesound_community-stormy-winds-through-the-trees-51665.mp3,IMPORTED,wind,iwag-production/Content/nature/wind/wind-through-trees-02.mp3
freesound_community-thunderstorm-rain-2-19350.mp3,IMPORTED,thunderstorm,iwag-production/Content/nature/thunderstorm/gentle-thunderstorm-01.mp3
freesound_community-waves-atlantic-ocean-surf-crashes-close-up-beach-pei-2011-52031.mp3,IMPORTED,ocean,iwag-production/Content/nature/ocean/ocean-waves-01.mp3
king_of_the_christmas-fireplace-loop-original-noise-178209.mp3,IMPORTED,fireplace,iwag-production/Content/nature/fireplace/fireplace-rain-01.mp3
madrian78-rio-montana-mountain-river-428691.mp3,IMPORTED,river,iwag-production/Content/nature/river/mountain-river-01.mp3
tanweraman-cricket-sound-at-night-night-bugs-at-forest-238793.mp3,IMPORTED,summer-night,iwag-production/Content/nature/summer-night/summer-night-forest-01.mp3
white_records-sounds-of-a-powerful-waterfall-sounds-of-nature-145254.mp3,IMPORTED,waterfall,iwag-production/Content/nature/waterfall/waterfall-01.mp3
